id,user_id,amount,date,category_id,description,notes,is_deleted,deleted_at,created_at,updated_at
00d9dd65-638f-49e5-886b-47c6893f4728,Saa8S9XSMOf2UlRWvpt48VQTJ0g2,-2000.00,2025-04-26,3eabb153-04b9-4edd-a6d9-5a7610215ffb,Late Dinner,Outing,false,,2025-08-04 09:09:50.070733+00,2025-08-04 09:09:50.070733+00
026c5729-a3f0-443f-a967-c357ca5a9303,Saa8S9XSMOf2UlRWvpt48VQTJ0g2,-1000.00,2025-07-10,a614a64f-f5b0-4bce-b6c9-0e3cf13326ab,Taxi Ride,Work trip,false,,2025-07-31 09:39:46.102104+00,2025-07-31 09:39:46.102104+00
02b53e7c-562c-427c-88d5-2541fb0bdda4,Saa8S9XSMOf2UlRWvpt48VQTJ0g2,-500.00,2025-02-27,d4953743-374b-495b-9134-2f47a5e3ff69,Ai trial,Monthly,false,,2025-08-02 11:48:41.868535+00,2025-08-02 11:48:41.868535+00
070ee87e-830c-4f23-ab8f-480f7b516ee0,Saa8S9XSMOf2UlRWvpt48VQTJ0g2,-2400.00,2025-07-25,46c652d9-3622-4759-96b8-bc0b03e3f794,Goal: New bike,Contribution to New bike goal,false,,2025-08-04 11:00:16.116619+00,2025-08-04 11:00:16.116619+00
08657f12-3159-47b2-b5a6-103242e97993,Saa8S9XSMOf2UlRWvpt48VQTJ0g2,30000.00,2025-04-01,e130010b-79ee-4cea-8a7d-ff79109bf7fb,Monthly salary,Salary,false,,2025-08-04 09:00:03.768417+00,2025-08-04 09:00:03.768417+00
0a1a791b-c82f-4ceb-b97b-691b32bf251c,Saa8S9XSMOf2UlRWvpt48VQTJ0g2,-100.00,2025-02-21,d4953743-374b-495b-9134-2f47a5e3ff69,Stationary,Pen,false,,2025-08-02 11:50:00.250184+00,2025-08-02 11:50:00.250184+00
0d6ba8de-9796-4e5c-a81d-94a6918fc54f,Saa8S9XSMOf2UlRWvpt48VQTJ0g2,-1000.00,2025-01-06,d4953743-374b-495b-9134-2f47a5e3ff69,Winter workshop,Skill building,false,,2025-08-01 16:44:14.570475+00,2025-08-01 16:44:14.570475+00
0db735fd-f819-4d92-bb20-b698e12ef5e5,Saa8S9XSMOf2UlRWvpt48VQTJ0g2,-600.00,2025-01-30,a614a64f-f5b0-4bce-b6c9-0e3cf13326ab,Bike service,Oil change,false,,2025-08-01 16:39:54.441064+00,2025-08-01 16:39:54.441064+00
0e51bd02-f5bb-4926-9b9e-939762d477ef,Saa8S9XSMOf2UlRWvpt48VQTJ0g2,-2000.00,2025-02-10,3eabb153-04b9-4edd-a6d9-5a7610215ffb,Grocery shopping,Monthly essentials,false,,2025-08-04 09:07:05.67658+00,2025-08-04 09:07:05.67658+00
0ec84e4d-42d5-49d2-bec8-74b00d3a8189,Saa8S9XSMOf2UlRWvpt48VQTJ0g2,-1000.00,2025-03-25,46c652d9-3622-4759-96b8-bc0b03e3f794,Goal: Car Down payment,Contribution to Car Down payment goal,false,,2025-08-02 13:35:40.769073+00,2025-08-02 13:35:40.769073+00
0fa9afa0-2183-4a8a-9abe-bf64af586061,Saa8S9XSMOf2UlRWvpt48VQTJ0g2,-1100.00,2025-06-20,3eabb153-04b9-4edd-a6d9-5a7610215ffb,Food Delivery,Late night order,false,,2025-07-31 07:38:13.566782+00,2025-07-31 07:38:13.566782+00
10e110b1-7d0a-4766-a7ef-85111ed758db,Saa8S9XSMOf2UlRWvpt48VQTJ0g2,-700.00,2025-02-28,a614a64f-f5b0-4bce-b6c9-0e3cf13326ab,New car tier,Tier,false,,2025-08-02 11:44:23.27532+00,2025-08-02 11:44:23.27532+00
11c041c0-cafb-43dc-b1aa-7326e763c6cf,Saa8S9XSMOf2UlRWvpt48VQTJ0g2,30000.00,2025-08-01,e130010b-79ee-4cea-8a7d-ff79109bf7fb,Monthly Salary,Salary,false,,2025-08-01 12:31:10.629279+00,2025-08-01 12:31:10.629279+00
11d1a599-8f1f-4789-a6b1-d719ddd03c93,Saa8S9XSMOf2UlRWvpt48VQTJ0g2,-200.00,2025-02-28,3eabb153-04b9-4edd-a6d9-5a7610215ffb,Coffee,Mood,false,,2025-08-02 11:37:34.220739+00,2025-08-02 11:37:34.220739+00
11f189b5-33f8-47bb-a7a1-5284e659a000,Saa8S9XSMOf2UlRWvpt48VQTJ0g2,-1500.00,2025-03-03,3eabb153-04b9-4edd-a6d9-5a7610215ffb,Lunch out,Work break,false,,2025-08-02 13:18:10.269955+00,2025-08-02 13:18:10.269955+00
14afcc23-dbd2-4378-8f68-7bf438f127dd,Saa8S9XSMOf2UlRWvpt48VQTJ0g2,-1200.00,2025-02-10,a614a64f-f5b0-4bce-b6c9-0e3cf13326ab,Outing,City trip,false,,2025-08-02 11:39:22.236593+00,2025-08-02 11:39:22.236593+00
160e5cc9-342c-49e3-a67a-a6abdc65fa5c,Saa8S9XSMOf2UlRWvpt48VQTJ0g2,-400.00,2025-06-28,d4953743-374b-495b-9134-2f47a5e3ff69,Study Material,Notes and supplies,false,,2025-07-31 08:54:47.38427+00,2025-07-31 08:54:47.38427+00
1788b7a1-e3b9-4891-8dfe-98e7176c7f32,Saa8S9XSMOf2UlRWvpt48VQTJ0g2,-700.00,2025-05-05,3eabb153-04b9-4edd-a6d9-5a7610215ffb,Water cooler,Home use,false,,2025-08-04 10:40:03.415891+00,2025-08-04 10:40:03.415891+00
1820de73-87c9-4a90-9c58-4cef8f8014ae,Saa8S9XSMOf2UlRWvpt48VQTJ0g2,-1600.00,2025-06-12,3eabb153-04b9-4edd-a6d9-5a7610215ffb,Coffee at Cafe,Morning break,false,,2025-07-31 07:36:15.271155+00,2025-07-31 07:36:15.271155+00
19039850-96f1-4936-9728-767e19ee0748,Saa8S9XSMOf2UlRWvpt48VQTJ0g2,-1000.00,2025-04-03,46c652d9-3622-4759-96b8-bc0b03e3f794,Goal: Emergency Fund,Contribution to Emergency Fund goal,false,,2025-08-04 09:32:48.295826+00,2025-08-04 09:32:48.295826+00
1ba3f3c5-751b-443f-9347-087a0dc2e9ff,Saa8S9XSMOf2UlRWvpt48VQTJ0g2,-1000.00,2025-01-05,a614a64f-f5b0-4bce-b6c9-0e3cf13326ab,Taxi to store,Cold weather,false,,2025-08-01 16:36:09.195058+00,2025-08-01 16:36:09.195058+00
1bdbdd84-7fae-46ba-943a-2420fa636909,Saa8S9XSMOf2UlRWvpt48VQTJ0g2,-2000.00,2025-06-24,46c652d9-3622-4759-96b8-bc0b03e3f794,Goal: New bike,Contribution to New bike goal,false,,2025-08-04 10:57:17.893596+00,2025-08-04 10:57:17.893596+00
1c3808d4-bf6f-4272-90cc-852f06bb3ef4,Saa8S9XSMOf2UlRWvpt48VQTJ0g2,-1000.00,2025-03-29,46c652d9-3622-4759-96b8-bc0b03e3f794,Goal: New bike,Contribution to New bike goal,false,,2025-08-02 13:35:23.770174+00,2025-08-02 13:35:23.770174+00
1c7d9bb1-2344-40d3-a2ac-5f4bc71c80ea,Saa8S9XSMOf2UlRWvpt48VQTJ0g2,-1300.00,2025-01-20,3eabb153-04b9-4edd-a6d9-5a7610215ffb,Grocery shopping,Essentials,false,,2025-08-01 16:27:03.689587+00,2025-08-01 16:27:03.689587+00
1dfb2e31-aaa5-4fcb-8520-69a8d0b49d21,Saa8S9XSMOf2UlRWvpt48VQTJ0g2,-1500.00,2025-05-18,3eabb153-04b9-4edd-a6d9-5a7610215ffb,Ice cream Run,Summer treat,false,,2025-08-04 10:38:19.97359+00,2025-08-04 10:38:19.97359+00
1eee29db-c589-4b0c-b6c8-6c0dff4161ff,Saa8S9XSMOf2UlRWvpt48VQTJ0g2,-500.00,2025-07-15,d4953743-374b-495b-9134-2f47a5e3ff69,Webinar Fee,Course,false,,2025-07-31 09:45:03.860388+00,2025-07-31 09:45:03.860388+00
1fdb65df-d31d-487d-bb77-40fd753514ee,Saa8S9XSMOf2UlRWvpt48VQTJ0g2,-500.00,2025-03-28,d4953743-374b-495b-9134-2f47a5e3ff69,AI SUBSCRIPTION,Educational,false,,2025-08-02 13:28:01.311347+00,2025-08-02 13:28:01.311347+00
202dd3e2-32a2-48e5-9cea-59c5d6014d40,Saa8S9XSMOf2UlRWvpt48VQTJ0g2,-800.00,2025-02-26,3eabb153-04b9-4edd-a6d9-5a7610215ffb,Order Cake,Birthday celebration,false,,2025-08-02 11:37:06.010678+00,2025-08-02 11:37:06.010678+00
215742b5-3477-4ce3-a264-9c111103597e,Saa8S9XSMOf2UlRWvpt48VQTJ0g2,-2000.00,2025-03-02,3eabb153-04b9-4edd-a6d9-5a7610215ffb,Grocery shopping,Monthly essentials,false,,2025-08-02 13:17:31.359302+00,2025-08-02 13:17:31.359302+00
24e34baf-4ac0-45f4-a232-7f017a7f82a6,Saa8S9XSMOf2UlRWvpt48VQTJ0g2,-700.00,2025-05-07,a614a64f-f5b0-4bce-b6c9-0e3cf13326ab,Summer trip fuel,Road travel,false,,2025-08-04 10:42:04.181104+00,2025-08-04 10:42:04.181104+00
2ad01439-9c00-4853-b702-ec027a260dfd,Saa8S9XSMOf2UlRWvpt48VQTJ0g2,-1400.00,2025-07-13,3eabb153-04b9-4edd-a6d9-5a7610215ffb,Coffee Break,Cafe Visit,false,,2025-07-31 09:37:26.869818+00,2025-07-31 09:37:26.869818+00
2f6d9309-8699-4de1-b8cb-e4afc97e934d,Saa8S9XSMOf2UlRWvpt48VQTJ0g2,-1200.00,2025-04-05,a614a64f-f5b0-4bce-b6c9-0e3cf13326ab,Road trip fuel,Weekend,false,,2025-08-04 09:12:58.815944+00,2025-08-04 09:12:58.815944+00
30714c4e-212e-456d-93d4-2e4c93d17a9b,Saa8S9XSMOf2UlRWvpt48VQTJ0g2,-800.00,2025-02-17,a614a64f-f5b0-4bce-b6c9-0e3cf13326ab,Car fuel,Weekend drive,false,,2025-08-02 11:42:00.016454+00,2025-08-02 11:42:00.016454+00
3147acd9-6ad7-4984-b9d0-6928678d4110,Saa8S9XSMOf2UlRWvpt48VQTJ0g2,-1000.00,2025-01-10,a614a64f-f5b0-4bce-b6c9-0e3cf13326ab,Bike fuel,Weekly refill,false,,2025-08-01 16:37:35.989052+00,2025-08-01 16:37:35.989052+00
34459da7-b71f-4474-9530-49db81f411a3,Saa8S9XSMOf2UlRWvpt48VQTJ0g2,30000.00,2025-02-01,e130010b-79ee-4cea-8a7d-ff79109bf7fb,Monthly Salary,Salary,false,,2025-08-02 11:29:31.788461+00,2025-08-02 11:29:31.788461+00
34aa308c-b931-464f-bed4-c6a27e23bac2,Saa8S9XSMOf2UlRWvpt48VQTJ0g2,-2500.00,2025-07-31,46cdd41c-2767-4c6c-a59c-ba1b04eb4571,PUBG RP,UC,false,,2025-07-31 17:02:12.084302+00,2025-07-31 17:02:12.084302+00
36698170-74dc-4358-9d18-110b8a234d08,Saa8S9XSMOf2UlRWvpt48VQTJ0g2,-1300.00,2025-04-28,46cdd41c-2767-4c6c-a59c-ba1b04eb4571,Board game,Family fun,false,,2025-08-04 09:25:13.079886+00,2025-08-04 09:25:13.079886+00
3b45378f-ecc9-4e89-8dfb-c22850a36b31,Saa8S9XSMOf2UlRWvpt48VQTJ0g2,-2000.00,2025-01-16,46c652d9-3622-4759-96b8-bc0b03e3f794,Goal: Emergency Fund,Contribution to Emergency Fund goal,false,,2025-08-02 06:54:32.258665+00,2025-08-02 06:54:32.258665+00
3e78f808-77e8-476d-a165-2d137a7395e6,Saa8S9XSMOf2UlRWvpt48VQTJ0g2,-1500.00,2025-05-25,3eabb153-04b9-4edd-a6d9-5a7610215ffb,Picnic food,Park day,false,,2025-08-04 10:39:06.393756+00,2025-08-04 10:39:06.393756+00
3fb85aef-e19a-4cbe-9502-05a6f4631ee1,Saa8S9XSMOf2UlRWvpt48VQTJ0g2,-700.00,2025-05-23,a614a64f-f5b0-4bce-b6c9-0e3cf13326ab,Car fuel,Daily drive,false,,2025-08-04 10:42:42.507619+00,2025-08-04 10:42:42.507619+00
4035f697-7541-4308-85da-dff215bb16f8,Saa8S9XSMOf2UlRWvpt48VQTJ0g2,-1000.00,2025-05-08,46c652d9-3622-4759-96b8-bc0b03e3f794,Goal: Emergency Fund,Contribution to Emergency Fund goal,false,,2025-08-04 10:51:24.827982+00,2025-08-04 10:51:24.827982+00
448310b8-a375-4f7d-a3d2-c791a076057c,Saa8S9XSMOf2UlRWvpt48VQTJ0g2,-1000.00,2025-04-15,a614a64f-f5b0-4bce-b6c9-0e3cf13326ab,Bike repair,Ride prep,false,,2025-08-04 09:16:12.671341+00,2025-08-04 09:16:12.671341+00
45995939-e44b-4309-8cb8-fddddf9f7466,Saa8S9XSMOf2UlRWvpt48VQTJ0g2,-1000.00,2025-05-29,46c652d9-3622-4759-96b8-bc0b03e3f794,Goal: Vacation Fund,Contribution to Vacation Fund goal,false,,2025-08-04 10:51:16.223441+00,2025-08-04 10:51:16.223441+00
45dbf515-4b22-4dbe-9507-01fabe25202a,Saa8S9XSMOf2UlRWvpt48VQTJ0g2,-1300.00,2025-05-30,46cdd41c-2767-4c6c-a59c-ba1b04eb4571,Electricity Bill,Bill,false,,2025-08-04 10:47:55.225385+00,2025-08-04 10:47:55.225385+00
46bbb402-c163-4315-ab07-ad379429c2d8,Saa8S9XSMOf2UlRWvpt48VQTJ0g2,-200.00,2025-01-31,3eabb153-04b9-4edd-a6d9-5a7610215ffb,Hot Coffee,Coffee,false,,2025-08-01 16:30:25.526866+00,2025-08-01 16:30:25.526866+00
473ea977-81ce-424c-96b6-b4de5b0b0d8c,Saa8S9XSMOf2UlRWvpt48VQTJ0g2,-1000.00,2025-04-30,46c652d9-3622-4759-96b8-bc0b03e3f794,Goal: New bike,Contribution to New bike goal,false,,2025-08-04 09:32:24.624987+00,2025-08-04 09:32:24.624987+00
487e35f8-d750-40de-8f0b-2e929abe7909,Saa8S9XSMOf2UlRWvpt48VQTJ0g2,-500.00,2025-07-18,a614a64f-f5b0-4bce-b6c9-0e3cf13326ab,Bus Ticket,City tour,false,,2025-07-31 09:40:41.784118+00,2025-07-31 09:40:41.784118+00
493c9d28-ed28-460d-91fc-a12ce4613917,Saa8S9XSMOf2UlRWvpt48VQTJ0g2,-800.00,2025-05-23,3eabb153-04b9-4edd-a6d9-5a7610215ffb,Pizza party,Friend treat,false,,2025-08-04 10:40:45.773225+00,2025-08-04 10:40:45.773225+00
4a2e0335-8927-4498-90e2-50f9d938b97e,Saa8S9XSMOf2UlRWvpt48VQTJ0g2,-1500.00,2025-03-10,3eabb153-04b9-4edd-a6d9-5a7610215ffb,Fruit Basket,Healthy snacks,false,,2025-08-02 13:19:23.114425+00,2025-08-02 13:19:23.114425+00
4aa2089a-dbfe-4d5b-91e0-a7171314687e,Saa8S9XSMOf2UlRWvpt48VQTJ0g2,-1000.00,2025-04-29,3eabb153-04b9-4edd-a6d9-5a7610215ffb,Friends treat,Cool down,false,,2025-08-04 09:11:03.241628+00,2025-08-04 09:11:03.241628+00
4b485442-86b9-4f8d-9f65-5336a312d640,Saa8S9XSMOf2UlRWvpt48VQTJ0g2,-500.00,2025-04-30,d4953743-374b-495b-9134-2f47a5e3ff69,Notes,Study Material,false,,2025-08-04 09:22:24.753418+00,2025-08-04 09:22:24.753418+00
4bf786a4-23a3-469d-bde3-096264e2ef23,Saa8S9XSMOf2UlRWvpt48VQTJ0g2,-2000.00,2025-08-04,d4953743-374b-495b-9134-2f47a5e3ff69,Skill development,Learning,false,,2025-08-04 09:00:56.241168+00,2025-08-04 09:00:56.241168+00
4e63a606-816e-4ffb-ab35-101aff2b5220,Saa8S9XSMOf2UlRWvpt48VQTJ0g2,-4000.00,2025-08-02,3eabb153-04b9-4edd-a6d9-5a7610215ffb,Grocery shopping,Monthly essentials,false,,2025-08-02 11:27:10.17747+00,2025-08-02 11:27:10.17747+00
4fab8dde-c13b-4011-b2bc-dfc461b993cb,Saa8S9XSMOf2UlRWvpt48VQTJ0g2,-600.00,2025-05-28,d4953743-374b-495b-9134-2f47a5e3ff69,Ai subscription,Monthly,false,,2025-08-04 10:46:07.106508+00,2025-08-04 10:46:07.106508+00
50bd8bef-b278-4607-828f-32af57f9ebff,Saa8S9XSMOf2UlRWvpt48VQTJ0g2,-1300.00,2025-07-20,3eabb153-04b9-4edd-a6d9-5a7610215ffb,Food Order,Delivery,false,,2025-07-31 09:38:14.155955+00,2025-07-31 09:38:14.155955+00
520c4751-bc97-444b-9e25-1cedcc25822d,Saa8S9XSMOf2UlRWvpt48VQTJ0g2,-1500.00,2025-01-04,46cdd41c-2767-4c6c-a59c-ba1b04eb4571,GAME PASS,Rp,false,,2025-08-02 05:37:47.114197+00,2025-08-02 05:37:47.114197+00
53eb72ed-b073-4b0b-9be5-512dd44f4810,Saa8S9XSMOf2UlRWvpt48VQTJ0g2,-2000.00,2025-02-13,46cdd41c-2767-4c6c-a59c-ba1b04eb4571,Electricity bill,Bill,false,,2025-08-02 11:51:28.445192+00,2025-08-02 11:51:28.445192+00
5504fe53-0100-46d6-b773-71f7e253ec80,Saa8S9XSMOf2UlRWvpt48VQTJ0g2,-900.00,2025-01-22,a614a64f-f5b0-4bce-b6c9-0e3cf13326ab,Snow Tier,Safety,false,,2025-08-01 16:39:09.871499+00,2025-08-01 16:39:09.871499+00
5676255a-301f-42a5-bc94-ed2a447e00dd,Saa8S9XSMOf2UlRWvpt48VQTJ0g2,-100.00,2025-07-31,a614a64f-f5b0-4bce-b6c9-0e3cf13326ab,Taxi Ride,Uber,false,,2025-07-31 17:16:03.933105+00,2025-07-31 17:16:03.933105+00
58ff1a33-991c-4121-9756-6545d33ad908,Saa8S9XSMOf2UlRWvpt48VQTJ0g2,-1300.00,2025-04-10,a614a64f-f5b0-4bce-b6c9-0e3cf13326ab,Bus Outing,Family day,false,,2025-08-04 09:14:45.307559+00,2025-08-04 09:14:45.307559+00
5a30e2d5-4fa3-42dc-98b5-df58980bb615,Saa8S9XSMOf2UlRWvpt48VQTJ0g2,-2000.00,2025-04-05,46cdd41c-2767-4c6c-a59c-ba1b04eb4571,Gas Bill,Bill,false,,2025-08-04 09:23:46.615524+00,2025-08-04 09:23:46.615524+00
5b017574-f3e7-4255-a6a1-bc5efc9e8bd6,Saa8S9XSMOf2UlRWvpt48VQTJ0g2,-500.00,2025-03-28,46cdd41c-2767-4c6c-a59c-ba1b04eb4571,Netflix screen,Subscriptions,false,,2025-08-02 13:31:14.22496+00,2025-08-02 13:31:14.22496+00
5d8db2b9-091d-46df-b554-5521b96da445,Saa8S9XSMOf2UlRWvpt48VQTJ0g2,-1200.00,2025-03-05,a614a64f-f5b0-4bce-b6c9-0e3cf13326ab,Train ride,Visit Relatives,false,,2025-08-02 13:21:53.090493+00,2025-08-02 13:21:53.090493+00
5e75d926-0157-4145-a401-4da8e7cd3fb3,Saa8S9XSMOf2UlRWvpt48VQTJ0g2,-2000.00,2025-07-16,46c652d9-3622-4759-96b8-bc0b03e3f794,Goal: Vacation Fund,Contribution to Vacation Fund goal,false,,2025-07-16 10:31:34+00,2025-07-16 10:31:34+00
5fa1b884-42b8-45a4-9dea-85506d58397a,Saa8S9XSMOf2UlRWvpt48VQTJ0g2,-600.00,2025-06-15,d4953743-374b-495b-9134-2f47a5e3ff69,Online Course,Skill development,false,,2025-07-31 08:53:17.831925+00,2025-07-31 08:53:17.831925+00
645b4b53-dad5-4866-bcc1-78c0ba34bb40,Saa8S9XSMOf2UlRWvpt48VQTJ0g2,30000.00,2025-06-01,e130010b-79ee-4cea-8a7d-ff79109bf7fb,Salary,Monthly Salary,false,,2025-07-31 07:01:26.847708+00,2025-07-31 07:01:26.847708+00
668c0d70-0806-4a34-95bb-0a682398fb26,Saa8S9XSMOf2UlRWvpt48VQTJ0g2,-400.00,2025-06-18,a614a64f-f5b0-4bce-b6c9-0e3cf13326ab,Bus Fare,City travel,false,,2025-07-31 07:42:41.825977+00,2025-07-31 07:42:41.825977+00
682f055a-9995-4f6d-b44f-dd4b238d3b6d,Saa8S9XSMOf2UlRWvpt48VQTJ0g2,-2200.00,2025-04-02,3eabb153-04b9-4edd-a6d9-5a7610215ffb,BBQ prep,Summer start,false,,2025-08-04 09:04:43.599989+00,2025-08-04 09:04:43.599989+00
6d3f628a-db2f-48fe-a3d8-6169beb8cffa,Saa8S9XSMOf2UlRWvpt48VQTJ0g2,-1200.00,2025-05-15,a614a64f-f5b0-4bce-b6c9-0e3cf13326ab,Tqxi Ride,Summer events,false,,2025-08-04 10:44:12.886312+00,2025-08-04 10:44:12.886312+00
6d51f536-83ef-49a4-b2be-ee7efa51977e,Saa8S9XSMOf2UlRWvpt48VQTJ0g2,-900.00,2025-05-08,d4953743-374b-495b-9134-2f47a5e3ff69,Summer course,Online learning,false,,2025-08-04 10:45:28.665242+00,2025-08-04 10:45:28.665242+00
6ff01cc0-771f-472f-a547-e2ef6d456a91,Saa8S9XSMOf2UlRWvpt48VQTJ0g2,-1000.00,2025-06-30,46c652d9-3622-4759-96b8-bc0b03e3f794,Goal: Car Down Payment,Contribution to Car Down Payment goal,false,,2025-06-30 09:04:18+00,2025-06-30 09:04:18+00
71cb90ae-5ba5-4e40-924a-6b49e6bc1c67,Saa8S9XSMOf2UlRWvpt48VQTJ0g2,-1800.00,2025-07-04,46cdd41c-2767-4c6c-a59c-ba1b04eb4571,Concert Ticket,Entertainment,false,,2025-07-31 09:46:40.22+00,2025-07-31 09:46:40.22+00
73915de6-6bac-4b05-8c90-6a2bf258d809,Saa8S9XSMOf2UlRWvpt48VQTJ0g2,-2000.00,2025-07-02,3eabb153-04b9-4edd-a6d9-5a7610215ffb,Grocery Run,Weekly stock,false,,2025-07-31 09:35:53.028561+00,2025-07-31 09:35:53.028561+00
76165011-71e0-4da6-92ab-320a84ea53e6,Saa8S9XSMOf2UlRWvpt48VQTJ0g2,-1000.00,2025-04-24,46c652d9-3622-4759-96b8-bc0b03e3f794,Goal: Car Down payment,Contribution to Car Down payment goal,false,,2025-08-04 09:32:32.864792+00,2025-08-04 09:32:32.864792+00
7680303d-0e09-49bd-a0e9-fed22cb2417b,Saa8S9XSMOf2UlRWvpt48VQTJ0g2,-1000.00,2025-02-03,a614a64f-f5b0-4bce-b6c9-0e3cf13326ab,Bus to event,Wedding attend,false,,2025-08-02 11:38:28.110455+00,2025-08-02 11:38:28.110455+00
7a3bfd78-dab0-4958-a577-773a42ef5eec,Saa8S9XSMOf2UlRWvpt48VQTJ0g2,-1100.00,2025-06-03,a614a64f-f5b0-4bce-b6c9-0e3cf13326ab,Gas Refill,Car fuel,false,,2025-07-31 07:40:03.318329+00,2025-07-31 07:40:03.318329+00
7a912a7b-caeb-4cdd-8884-5d09263b5f87,Saa8S9XSMOf2UlRWvpt48VQTJ0g2,-100.00,2025-01-30,3eabb153-04b9-4edd-a6d9-5a7610215ffb,Hot Coffee,Coffee,false,,2025-08-01 16:29:09.016187+00,2025-08-01 16:29:09.016187+00
7dea89b6-2919-4e2f-9408-f774c4fc63b3,Saa8S9XSMOf2UlRWvpt48VQTJ0g2,-3000.00,2025-02-08,3eabb153-04b9-4edd-a6d9-5a7610215ffb,Grocery shopping,Monthly essentials,false,,2025-08-02 11:33:27.839842+00,2025-08-02 11:33:27.839842+00
7e08e585-1509-454c-8b8c-3ae08d4e1af9,Saa8S9XSMOf2UlRWvpt48VQTJ0g2,-1000.00,2025-04-24,3eabb153-04b9-4edd-a6d9-5a7610215ffb,Fruit Basket,Snack,false,,2025-08-04 09:08:59.927553+00,2025-08-04 09:08:59.927553+00
7e86cdac-a025-4f80-b1e7-d0afd1789ac5,Saa8S9XSMOf2UlRWvpt48VQTJ0g2,-1000.00,2025-03-20,46cdd41c-2767-4c6c-a59c-ba1b04eb4571,Gas bill,Bill,false,,2025-08-02 13:30:11.708948+00,2025-08-02 13:30:11.708948+00
80409a8a-255b-4825-a33e-73648bd8e3d6,Saa8S9XSMOf2UlRWvpt48VQTJ0g2,-1500.00,2025-03-18,3eabb153-04b9-4edd-a6d9-5a7610215ffb,Dinner,Family meal,false,,2025-08-02 13:20:26.114369+00,2025-08-02 13:20:26.114369+00
811279db-1805-443f-bdec-e088e74613a5,Saa8S9XSMOf2UlRWvpt48VQTJ0g2,-3000.00,2025-06-10,46cdd41c-2767-4c6c-a59c-ba1b04eb4571,Electricity Bill,Bill,false,,2025-08-04 10:56:05.53565+00,2025-08-04 10:56:05.53565+00
81733052-6d73-475f-a81a-28c74b416938,Saa8S9XSMOf2UlRWvpt48VQTJ0g2,-400.00,2025-07-28,d4953743-374b-495b-9134-2f47a5e3ff69,Notes,Materials,false,,2025-07-31 09:45:36.773592+00,2025-07-31 09:45:36.773592+00
85a723af-8777-4c0c-a4e9-a288f81b8492,Saa8S9XSMOf2UlRWvpt48VQTJ0g2,-1500.00,2025-04-03,46cdd41c-2767-4c6c-a59c-ba1b04eb4571,Game pass,Rp,false,,2025-08-04 09:23:04.514985+00,2025-08-04 09:23:04.514985+00
85cba721-2cc9-4cc9-8c00-91fac27f9db5,Saa8S9XSMOf2UlRWvpt48VQTJ0g2,-4000.00,2025-05-02,3eabb153-04b9-4edd-a6d9-5a7610215ffb,Groceries,Monthly essentials,false,,2025-08-04 10:35:51.440698+00,2025-08-04 10:35:51.440698+00
85e1cbf2-8275-472d-9fb0-3faee4a1414f,Saa8S9XSMOf2UlRWvpt48VQTJ0g2,-2000.00,2025-06-16,46c652d9-3622-4759-96b8-bc0b03e3f794,Goal: Vacation Fund,Contribution to Vacation Fund goal,false,,2025-06-16 09:04:27+00,2025-06-16 09:04:27+00
871329e3-3fe6-420f-ba35-d5d84d4a73e8,Saa8S9XSMOf2UlRWvpt48VQTJ0g2,-500.00,2025-03-25,3eabb153-04b9-4edd-a6d9-5a7610215ffb,Online food,Mood,false,,2025-08-02 13:21:01.778109+00,2025-08-02 13:21:01.778109+00
87c75618-5381-4749-9522-94dda42f194b,Saa8S9XSMOf2UlRWvpt48VQTJ0g2,-1200.00,2025-05-21,46cdd41c-2767-4c6c-a59c-ba1b04eb4571,Gas bill,Bill,false,,2025-08-04 10:47:20.726664+00,2025-08-04 10:47:20.726664+00
87fa70ea-a177-43c3-a540-22f381c25843,Saa8S9XSMOf2UlRWvpt48VQTJ0g2,-1500.00,2025-02-04,46cdd41c-2767-4c6c-a59c-ba1b04eb4571,Game pass,Rp,false,,2025-08-02 11:50:46.405878+00,2025-08-02 11:50:46.405878+00
893e0303-785a-4dbd-8f8b-ddc21b40037b,Saa8S9XSMOf2UlRWvpt48VQTJ0g2,-1000.00,2025-01-28,3eabb153-04b9-4edd-a6d9-5a7610215ffb,Online Food,Lunch,false,,2025-08-01 16:28:19.820488+00,2025-08-01 16:28:19.820488+00
8a0cb2c6-7513-406e-bce9-cad4ed709b0e,Saa8S9XSMOf2UlRWvpt48VQTJ0g2,-500.00,2025-02-27,46cdd41c-2767-4c6c-a59c-ba1b04eb4571,Glove buy,Glove,false,,2025-08-02 11:52:30.039481+00,2025-08-02 11:52:30.039481+00
8a9c87a8-50c0-470a-a2fc-9905159e7ab3,Saa8S9XSMOf2UlRWvpt48VQTJ0g2,-2000.00,2025-02-15,46c652d9-3622-4759-96b8-bc0b03e3f794,Goal: New bike,Contribution to New bike goal,false,,2025-08-02 11:58:50.33001+00,2025-08-02 11:58:50.33001+00
8c0d9649-c74e-4a32-a5e5-64f1e4b990c1,Saa8S9XSMOf2UlRWvpt48VQTJ0g2,-2000.00,2025-01-03,a614a64f-f5b0-4bce-b6c9-0e3cf13326ab,Bus Ride,Another city,false,,2025-08-01 16:34:50.995314+00,2025-08-01 16:34:50.995314+00
8d1a6de5-1168-41f3-ad40-21a64ec00d2b,Saa8S9XSMOf2UlRWvpt48VQTJ0g2,-1000.00,2025-04-30,46cdd41c-2767-4c6c-a59c-ba1b04eb4571,Camp tent,Outdoor gear,false,,2025-08-04 09:27:25.626458+00,2025-08-04 09:27:25.626458+00
8ee11308-86de-4301-9cbf-7f238f68401b,Saa8S9XSMOf2UlRWvpt48VQTJ0g2,-1500.00,2025-02-14,3eabb153-04b9-4edd-a6d9-5a7610215ffb,Order Pizza,Party,false,,2025-08-02 11:34:33.203396+00,2025-08-02 11:34:33.203396+00
936a8cc3-1826-4bcf-b21b-e513d9348d28,Saa8S9XSMOf2UlRWvpt48VQTJ0g2,-1000.00,2025-03-09,46c652d9-3622-4759-96b8-bc0b03e3f794,Goal: Emergency Fund,Contribution to Emergency Fund goal,false,,2025-08-02 13:35:48.236432+00,2025-08-02 13:35:48.236432+00
94990a3e-faa4-417e-8599-ad3b2fca9cb9,Saa8S9XSMOf2UlRWvpt48VQTJ0g2,-1200.00,2025-06-10,a614a64f-f5b0-4bce-b6c9-0e3cf13326ab,Uber Ride,Work commute,false,,2025-07-31 07:41:17.321009+00,2025-07-31 07:41:17.321009+00
950acbdc-9844-4cd2-ae6b-6b3bc34c5671,Saa8S9XSMOf2UlRWvpt48VQTJ0g2,-1500.00,2025-05-09,46cdd41c-2767-4c6c-a59c-ba1b04eb4571,Game pass,Rp,false,,2025-08-04 10:46:45.321786+00,2025-08-04 10:46:45.321786+00
96418bee-7de5-406f-8245-7d355cdf17fc,Saa8S9XSMOf2UlRWvpt48VQTJ0g2,-2000.00,2025-07-09,46cdd41c-2767-4c6c-a59c-ba1b04eb4571,Gas bill,Bill,false,,2025-08-04 10:58:42.564266+00,2025-08-04 10:58:42.564266+00
96f65ec1-2611-4e6a-a49b-3ae305921e92,Saa8S9XSMOf2UlRWvpt48VQTJ0g2,-2200.00,2025-05-10,3eabb153-04b9-4edd-a6d9-5a7610215ffb,Farmer Market,Fresh goods,false,,2025-08-04 10:37:36.435224+00,2025-08-04 10:37:36.435224+00
9757768e-1255-4018-9461-da1eadd7cc8d,Saa8S9XSMOf2UlRWvpt48VQTJ0g2,-2000.00,2025-06-08,46c652d9-3622-4759-96b8-bc0b03e3f794,Goal: Emergency Fund,Contribution to Emergency Fund goal,false,,2025-06-08 09:04:39+00,2025-06-08 09:04:39+00
9dd9077c-2d9b-47e0-8402-34193404506d,Saa8S9XSMOf2UlRWvpt48VQTJ0g2,-3800.00,2025-05-06,a614a64f-f5b0-4bce-b6c9-0e3cf13326ab,Bus Drive,Another city,false,,2025-08-04 10:43:36.715321+00,2025-08-04 10:43:36.715321+00
a1c9ed4c-d3fa-46f9-b506-87b3a08d47e9,Saa8S9XSMOf2UlRWvpt48VQTJ0g2,-2000.00,2025-07-08,46c652d9-3622-4759-96b8-bc0b03e3f794,Goal: Emergency Fund,Contribution to Emergency Fund goal,false,,2025-07-08 10:31:44+00,2025-07-08 10:31:44+00
a272ca4c-8494-4781-9e13-9f5236f2bc07,Saa8S9XSMOf2UlRWvpt48VQTJ0g2,-1000.00,2025-04-12,a614a64f-f5b0-4bce-b6c9-0e3cf13326ab,Car service,Oil change,false,,2025-08-04 09:15:23.035984+00,2025-08-04 09:15:23.035984+00
a3f613cd-b07c-45f8-962e-16c9a742f374,Saa8S9XSMOf2UlRWvpt48VQTJ0g2,-2100.00,2025-06-02,3eabb153-04b9-4edd-a6d9-5a7610215ffb,Grocery shopping,Weekly Essentials,false,,2025-07-31 07:31:02.576329+00,2025-07-31 07:31:02.576329+00
a7bba163-ad99-49d4-932d-33301ffdf663,Saa8S9XSMOf2UlRWvpt48VQTJ0g2,-900.00,2025-04-08,d4953743-374b-495b-9134-2f47a5e3ff69,New skill,Learning,false,,2025-08-04 09:19:41.339005+00,2025-08-04 09:19:41.339005+00
aac70207-55f3-4d44-a81e-b68933edaa85,Saa8S9XSMOf2UlRWvpt48VQTJ0g2,-1200.00,2025-01-12,3eabb153-04b9-4edd-a6d9-5a7610215ffb,Pizza,Family Outing,false,,2025-08-01 16:26:18.474246+00,2025-08-01 16:26:18.474246+00
ac96a4ac-836f-44cd-b3d7-b61512e53ed3,Saa8S9XSMOf2UlRWvpt48VQTJ0g2,-700.00,2025-01-18,d4953743-374b-495b-9134-2f47a5e3ff69,E-study Guide,Cold weather study,false,,2025-08-01 16:45:15.868626+00,2025-08-01 16:45:15.868626+00
aff2753a-da5f-41be-b288-096f83aedfad,Saa8S9XSMOf2UlRWvpt48VQTJ0g2,-300.00,2025-06-25,a614a64f-f5b0-4bce-b6c9-0e3cf13326ab,Car Maintenance,Oil change,false,,2025-07-31 07:46:08.981901+00,2025-07-31 07:46:08.981901+00
b11ee799-1abd-431b-a1b8-e4167b353d47,Saa8S9XSMOf2UlRWvpt48VQTJ0g2,-2000.00,2025-01-03,3eabb153-04b9-4edd-a6d9-5a7610215ffb,Winter Stew,Warm family meal,false,,2025-08-01 16:22:26.354017+00,2025-08-01 16:22:26.354017+00
b1720c7d-13de-4489-ad05-bc112b5b2223,Saa8S9XSMOf2UlRWvpt48VQTJ0g2,-1500.00,2025-04-20,46c652d9-3622-4759-96b8-bc0b03e3f794,Goal: Vacation,Contribution to Vacation goal,false,,2025-08-04 09:32:40.575355+00,2025-08-04 09:32:40.575355+00
b1b5bd72-a564-4dbd-b09b-38235377475e,Saa8S9XSMOf2UlRWvpt48VQTJ0g2,-1900.00,2025-06-14,46cdd41c-2767-4c6c-a59c-ba1b04eb4571,Online Shopping,Cloths,false,,2025-07-31 08:57:08.322528+00,2025-07-31 08:57:08.322528+00
b3c234ed-6149-4bd7-831a-7d89d8d9d173,Saa8S9XSMOf2UlRWvpt48VQTJ0g2,-1000.00,2025-02-25,46c652d9-3622-4759-96b8-bc0b03e3f794,Goal: Vacation Fund,Contribution to Vacation Fund goal,false,,2025-08-02 11:58:41.867537+00,2025-08-02 11:58:41.867537+00
b453e670-a59a-43ec-a0c2-dd7db1768a8f,Saa8S9XSMOf2UlRWvpt48VQTJ0g2,-600.00,2025-03-28,a614a64f-f5b0-4bce-b6c9-0e3cf13326ab,Car wash,Clean,false,,2025-08-02 13:24:40.168737+00,2025-08-02 13:24:40.168737+00
b61a3792-56b8-4d06-9265-e1b5bce48c40,Saa8S9XSMOf2UlRWvpt48VQTJ0g2,-600.00,2025-03-19,d4953743-374b-495b-9134-2f47a5e3ff69,E-Book,Notes,false,,2025-08-02 13:26:33.642797+00,2025-08-02 13:26:33.642797+00
b75a8673-d1c8-4b16-83e8-caba74c42b97,Saa8S9XSMOf2UlRWvpt48VQTJ0g2,-900.00,2025-07-05,d4953743-374b-495b-9134-2f47a5e3ff69,E-Book Purchase,Study,false,,2025-07-31 09:44:09.308809+00,2025-07-31 09:44:09.308809+00
b76b0d8e-70af-4753-a349-8133c5f7780e,Saa8S9XSMOf2UlRWvpt48VQTJ0g2,-600.00,2025-04-22,d4953743-374b-495b-9134-2f47a5e3ff69,AI Subscription,Monthly,false,,2025-08-04 09:20:44.821994+00,2025-08-04 09:20:44.821994+00
b93342e2-8ed5-4332-b931-a55945ca90ce,Saa8S9XSMOf2UlRWvpt48VQTJ0g2,30000.00,2025-07-01,e130010b-79ee-4cea-8a7d-ff79109bf7fb,Salary,Monthly Salary,false,,2025-07-31 09:34:46.77357+00,2025-07-31 09:34:46.77357+00
b9d8816f-a6e8-4216-a410-93e07a25f715,Saa8S9XSMOf2UlRWvpt48VQTJ0g2,-1000.00,2025-04-30,a614a64f-f5b0-4bce-b6c9-0e3cf13326ab,City travel,Business purpose,false,,2025-08-04 09:18:49.097953+00,2025-08-04 09:18:49.097953+00
bd9bf669-a88b-4cc3-aadb-ea5dbe71d6bd,Saa8S9XSMOf2UlRWvpt48VQTJ0g2,-2000.00,2025-02-28,46c652d9-3622-4759-96b8-bc0b03e3f794,Goal: Gift,Contribution to Gift goal,false,,2025-08-02 12:00:29.513027+00,2025-08-02 12:00:29.513027+00
be57aef8-6b87-47ea-b6a4-e20aea4c5843,Saa8S9XSMOf2UlRWvpt48VQTJ0g2,-1300.00,2025-03-15,a614a64f-f5b0-4bce-b6c9-0e3cf13326ab,Taxi tour,City exploration,false,,2025-08-02 13:22:42.156089+00,2025-08-02 13:22:42.156089+00
bedd50ce-ed73-4247-b101-884ddf7e2ab4,Saa8S9XSMOf2UlRWvpt48VQTJ0g2,-1000.00,2025-03-25,46c652d9-3622-4759-96b8-bc0b03e3f794,Goal: Car Down payment,Contribution to Car Down payment goal,false,,2025-08-02 13:35:31.843739+00,2025-08-02 13:35:31.843739+00
bef4e1e4-65af-4c6e-b3a8-3390aea03416,Saa8S9XSMOf2UlRWvpt48VQTJ0g2,-2000.00,2025-03-12,46cdd41c-2767-4c6c-a59c-ba1b04eb4571,Electricity bill,BILL,false,,2025-08-02 13:29:33.168969+00,2025-08-02 13:29:33.168969+00
bff90b80-4d52-43dd-8f8d-38d631a85121,Saa8S9XSMOf2UlRWvpt48VQTJ0g2,-800.00,2025-02-07,a614a64f-f5b0-4bce-b6c9-0e3cf13326ab,Car service,oil change,false,,2025-08-02 11:41:00.400106+00,2025-08-02 11:41:00.400106+00
c065ee2a-2cd7-4249-aae3-aad7984527b1,Saa8S9XSMOf2UlRWvpt48VQTJ0g2,30000.00,2025-01-01,e130010b-79ee-4cea-8a7d-ff79109bf7fb,Monthly Salary,Salary,false,,2025-08-01 16:19:58.921667+00,2025-08-01 16:19:58.921667+00
c3b0f9e6-3b7d-4409-9fa4-a01217a33185,Saa8S9XSMOf2UlRWvpt48VQTJ0g2,-1000.00,2025-02-19,d4953743-374b-495b-9134-2f47a5e3ff69,Notes buy,Class materials,false,,2025-08-02 11:47:43.292496+00,2025-08-02 11:47:43.292496+00
c785a1b5-726d-4c50-9598-07450d9adc07,Saa8S9XSMOf2UlRWvpt48VQTJ0g2,-2100.00,2025-06-04,46cdd41c-2767-4c6c-a59c-ba1b04eb4571,Movie Night,Entertainment,false,,2025-07-31 08:55:38.104088+00,2025-07-31 08:55:38.104088+00
c813fb50-e2ac-41f4-9625-68aeda8e4d14,Saa8S9XSMOf2UlRWvpt48VQTJ0g2,-2000.00,2025-04-10,46cdd41c-2767-4c6c-a59c-ba1b04eb4571,Electricity Bill,Bill,false,,2025-08-04 09:24:31.757462+00,2025-08-04 09:24:31.757462+00
cab9fd61-3cab-4fd0-a878-25b35cf69ca3,Saa8S9XSMOf2UlRWvpt48VQTJ0g2,-300.00,2025-01-25,d4953743-374b-495b-9134-2f47a5e3ff69,Online Quiz,Practice,false,,2025-08-02 05:36:40.175229+00,2025-08-02 05:36:40.175229+00
cbcdfb14-454a-4477-8fcf-21a693d79ba6,Saa8S9XSMOf2UlRWvpt48VQTJ0g2,30000.00,2025-03-01,e130010b-79ee-4cea-8a7d-ff79109bf7fb,Monthly Salary,Salary,false,,2025-08-02 13:15:54.031282+00,2025-08-02 13:15:54.031282+00
cc3dc3f1-a6e3-4bc4-8485-835083e93235,Saa8S9XSMOf2UlRWvpt48VQTJ0g2,-3200.00,2025-06-05,3eabb153-04b9-4edd-a6d9-5a7610215ffb,Dinner at Local Restaurant,Family Outing,false,,2025-07-31 07:33:49.968397+00,2025-07-31 07:33:49.968397+00
cc70b650-23ab-411b-9acd-e6e43b086e2d,Saa8S9XSMOf2UlRWvpt48VQTJ0g2,-1000.00,2025-03-30,46c652d9-3622-4759-96b8-bc0b03e3f794,Goal: Vacation fund,Contribution to Vacation fund goal,false,,2025-08-02 13:35:16.217734+00,2025-08-02 13:35:16.217734+00
cdc5f813-c1ba-4c78-b9b2-727eccc7556c,Saa8S9XSMOf2UlRWvpt48VQTJ0g2,-2800.00,2025-07-06,3eabb153-04b9-4edd-a6d9-5a7610215ffb,Family Dinner,Restaurant,false,,2025-07-31 09:36:32.478676+00,2025-07-31 09:36:32.478676+00
cf4607ce-8383-4fb4-ace4-1ae368d3c5b0,Saa8S9XSMOf2UlRWvpt48VQTJ0g2,-2000.00,2025-05-03,3eabb153-04b9-4edd-a6d9-5a7610215ffb,BBQ supplies,Outdoor stuff,false,,2025-08-04 10:36:39.604197+00,2025-08-04 10:36:39.604197+00
d1ea812d-6de9-4606-bd1e-4c368a1a5ba3,Saa8S9XSMOf2UlRWvpt48VQTJ0g2,-1000.00,2025-02-20,3eabb153-04b9-4edd-a6d9-5a7610215ffb,Dinner,Family outing,false,,2025-08-02 11:35:59.350274+00,2025-08-02 11:35:59.350274+00
d290e266-2a2b-46e6-8ac0-e187df316dc3,Saa8S9XSMOf2UlRWvpt48VQTJ0g2,-900.00,2025-04-19,a614a64f-f5b0-4bce-b6c9-0e3cf13326ab,Office drive,Work,false,,2025-08-04 09:17:03.668824+00,2025-08-04 09:17:03.668824+00
d6826309-9312-41d7-85d9-93f6a2e6e7a8,Saa8S9XSMOf2UlRWvpt48VQTJ0g2,-2000.00,2025-02-06,46c652d9-3622-4759-96b8-bc0b03e3f794,Goal: Emergency Fund,Contribution to Emergency Fund goal,false,,2025-08-02 11:58:58.122787+00,2025-08-02 11:58:58.122787+00
d6fe3824-7dfe-4d1e-8ae1-6933763d6566,Saa8S9XSMOf2UlRWvpt48VQTJ0g2,-100.00,2025-04-30,3eabb153-04b9-4edd-a6d9-5a7610215ffb,Lemon soda,Mood,false,,2025-08-04 09:11:46.777449+00,2025-08-04 09:11:46.777449+00
d70988c8-a081-4c2c-a126-ec218bb63202,Saa8S9XSMOf2UlRWvpt48VQTJ0g2,30000.00,2025-05-01,e130010b-79ee-4cea-8a7d-ff79109bf7fb,Monthly salary,Salary,false,,2025-08-04 10:34:54.128329+00,2025-08-04 10:34:54.128329+00
da3b5a1e-7f4f-4756-8251-f6ac696f8a19,Saa8S9XSMOf2UlRWvpt48VQTJ0g2,-900.00,2025-03-20,a614a64f-f5b0-4bce-b6c9-0e3cf13326ab,Car service,Oil change,false,,2025-08-02 13:24:03.489838+00,2025-08-02 13:24:03.489838+00
db95d0ee-fa8a-4ed8-be24-a661d2337569,Saa8S9XSMOf2UlRWvpt48VQTJ0g2,-1000.00,2025-07-22,a614a64f-f5b0-4bce-b6c9-0e3cf13326ab,Gifts,Miscellaneous,false,,2025-07-31 09:48:17.416785+00,2025-07-31 09:48:17.416785+00
dcd35af0-0f6f-48d0-a95b-56ec386231c2,Saa8S9XSMOf2UlRWvpt48VQTJ0g2,-1000.00,2025-06-06,d4953743-374b-495b-9134-2f47a5e3ff69,Textbook Purchase,Semester book,false,,2025-07-31 08:52:21.459263+00,2025-07-31 08:52:21.459263+00
de40c899-023f-40de-90f1-552e543492f2,Saa8S9XSMOf2UlRWvpt48VQTJ0g2,-400.00,2025-07-25,a614a64f-f5b0-4bce-b6c9-0e3cf13326ab,Bike Repair,Maintenance,false,,2025-07-31 09:41:25.675676+00,2025-07-31 09:41:25.675676+00
e1123db9-3af7-47c9-b2ac-d2cb5d0513ef,Saa8S9XSMOf2UlRWvpt48VQTJ0g2,-1500.00,2025-01-08,46c652d9-3622-4759-96b8-bc0b03e3f794,Goal: Home Upgrades,Contribution to Home Upgrades goal,false,,2025-08-02 06:54:50.795237+00,2025-08-02 06:54:50.795237+00
e188ce85-c178-482d-a78d-38b65d1b71aa,Saa8S9XSMOf2UlRWvpt48VQTJ0g2,-1000.00,2025-01-27,46cdd41c-2767-4c6c-a59c-ba1b04eb4571,Candle set,Cozy decor,false,,2025-08-02 05:40:02.172624+00,2025-08-02 05:40:02.172624+00
e1def6e8-a625-4d4a-81c3-18e36c56ec98,Saa8S9XSMOf2UlRWvpt48VQTJ0g2,-1000.00,2025-05-08,46c652d9-3622-4759-96b8-bc0b03e3f794,Goal: Emergency Fund,Contribution to Emergency Fund goal,false,,2025-08-04 10:51:34.020813+00,2025-08-04 10:51:34.020813+00
e27bd73e-3d18-4e75-8c3c-4be22c4c0644,Saa8S9XSMOf2UlRWvpt48VQTJ0g2,-1000.00,2025-01-16,46cdd41c-2767-4c6c-a59c-ba1b04eb4571,Indoor Game,Family night,false,,2025-08-02 05:38:59.702166+00,2025-08-02 05:38:59.702166+00
e60a43d5-6422-46a2-9279-1f3254872e79,Saa8S9XSMOf2UlRWvpt48VQTJ0g2,-300.00,2025-02-24,a614a64f-f5b0-4bce-b6c9-0e3cf13326ab,Taxi fair,Office,false,,2025-08-02 11:43:14.848332+00,2025-08-02 11:43:14.848332+00
e65c902b-ca5a-477c-a6e3-c338690f89cf,Saa8S9XSMOf2UlRWvpt48VQTJ0g2,-900.00,2025-07-03,a614a64f-f5b0-4bce-b6c9-0e3cf13326ab,Gas Station,Car Fuel,false,,2025-07-31 09:39:02.64713+00,2025-07-31 09:39:02.64713+00
eac76b90-a4db-4ed4-a2d9-9851428ead3c,Saa8S9XSMOf2UlRWvpt48VQTJ0g2,-1000.00,2025-05-29,46c652d9-3622-4759-96b8-bc0b03e3f794,Goal: Vacation Fund,Contribution to Vacation Fund goal,false,,2025-08-04 10:51:00.882217+00,2025-08-04 10:51:00.882217+00
ebf92e77-ee1e-4159-928a-23fa57be2aa5,Saa8S9XSMOf2UlRWvpt48VQTJ0g2,-1800.00,2025-04-17,3eabb153-04b9-4edd-a6d9-5a7610215ffb,Picnic Lunch,Outdoor,false,,2025-08-04 09:08:16.955213+00,2025-08-04 09:08:16.955213+00
ec90939e-8f96-4b5a-adbf-98fedf094681,Saa8S9XSMOf2UlRWvpt48VQTJ0g2,-200.00,2025-01-02,a614a64f-f5b0-4bce-b6c9-0e3cf13326ab,Office Ride,Taxi,false,,2025-08-01 16:32:02.598524+00,2025-08-01 16:32:02.598524+00
ef6243de-df6c-4e5c-b3a0-2542eed35027,Saa8S9XSMOf2UlRWvpt48VQTJ0g2,-1700.00,2025-07-14,46cdd41c-2767-4c6c-a59c-ba1b04eb4571,Online Purchase,Shopping,false,,2025-07-31 09:47:29.994256+00,2025-07-31 09:47:29.994256+00
f0039489-49dc-4be1-9106-cf3b10f0334d,Saa8S9XSMOf2UlRWvpt48VQTJ0g2,-2000.00,2025-02-02,3eabb153-04b9-4edd-a6d9-5a7610215ffb,Water Bill,Monthly,false,,2025-08-02 11:31:42.222526+00,2025-08-02 11:31:42.222526+00
f0a05e26-cb96-4c46-a694-727a8bb31ba5,Saa8S9XSMOf2UlRWvpt48VQTJ0g2,-900.00,2025-03-12,d4953743-374b-495b-9134-2f47a5e3ff69,Skill development,Learning,false,,2025-08-02 13:25:48.558658+00,2025-08-02 13:25:48.558658+00
f0e54a12-624f-4e77-b8cd-9733fbb3d04f,Saa8S9XSMOf2UlRWvpt48VQTJ0g2,-2500.00,2025-01-07,3eabb153-04b9-4edd-a6d9-5a7610215ffb,Holiday Baking,New year treats,false,,2025-08-01 16:23:06.388998+00,2025-08-01 16:23:06.388998+00
f10cde40-4f79-4af3-b675-c73d428e953d,Saa8S9XSMOf2UlRWvpt48VQTJ0g2,-1000.00,2025-04-26,a614a64f-f5b0-4bce-b6c9-0e3cf13326ab,Car wash,Summer clean,false,,2025-08-04 09:17:54.082662+00,2025-08-04 09:17:54.082662+00
f5007906-07e0-4f40-b863-fbfe3ad09532,Saa8S9XSMOf2UlRWvpt48VQTJ0g2,-2000.00,2025-07-17,46cdd41c-2767-4c6c-a59c-ba1b04eb4571,Electricity Bill,Bill,false,,2025-08-04 10:59:13.980492+00,2025-08-04 10:59:13.980492+00
f52da524-3c44-4ce2-bf30-9e2c25488a3a,Saa8S9XSMOf2UlRWvpt48VQTJ0g2,-1000.00,2025-06-22,46cdd41c-2767-4c6c-a59c-ba1b04eb4571,Miscellaneous,Small purchases,false,,2025-07-31 08:57:52.69676+00,2025-07-31 08:57:52.69676+00
f536dbb7-a549-4ca3-98dc-494416a3f958,Saa8S9XSMOf2UlRWvpt48VQTJ0g2,-1000.00,2025-03-20,46cdd41c-2767-4c6c-a59c-ba1b04eb4571,Game pass,Rp,false,,2025-08-02 13:30:33.619595+00,2025-08-02 13:30:33.619595+00
f774ac2a-5d13-4062-90af-d88c6d0f9531,Saa8S9XSMOf2UlRWvpt48VQTJ0g2,-900.00,2025-02-05,d4953743-374b-495b-9134-2f47a5e3ff69,New skill,Learning,false,,2025-08-02 11:46:38.745944+00,2025-08-02 11:46:38.745944+00
f96a68b6-ab61-4d15-b3d6-39b875255956,Saa8S9XSMOf2UlRWvpt48VQTJ0g2,-500.00,2025-04-22,46cdd41c-2767-4c6c-a59c-ba1b04eb4571,Netflix subscription,Subscription,false,,2025-08-04 09:26:43.179926+00,2025-08-04 09:26:43.179926+00
fafe1efc-8776-46f4-87e7-66787b0a30ef,Saa8S9XSMOf2UlRWvpt48VQTJ0g2,-1000.00,2025-01-29,46c652d9-3622-4759-96b8-bc0b03e3f794,Goal: City trip,Contribution to City trip goal,false,,2025-08-02 06:54:22.224316+00,2025-08-02 06:54:22.224316+00
fb4a5d59-da8c-4c0a-aac8-a24ccdcae39e,Saa8S9XSMOf2UlRWvpt48VQTJ0g2,-2000.00,2025-06-03,46cdd41c-2767-4c6c-a59c-ba1b04eb4571,Gas bill,Bill,false,,2025-08-04 10:55:28.353874+00,2025-08-04 10:55:28.353874+00
ffef6523-0804-46a3-b728-8de8c8449fb7,Saa8S9XSMOf2UlRWvpt48VQTJ0g2,-1000.00,2025-07-30,46c652d9-3622-4759-96b8-bc0b03e3f794,Goal: Car Down Payment,Contribution to Car Down Payment goal,false,,2025-07-30 10:31:23+00,2025-07-30 10:31:23+00